timestamp,water_level_pct,rainfall_mm_hr,inflow_m3s,downstream_lvl_pct,phase_note,scenario
2024-06-01 00:00:00,35.05,2.11,107.32,29.86,S1-Normal baseline,Scenario_1_Normal_Rain
2024-06-01 00:01:00,35.0,2.55,107.55,29.29,S1-Normal baseline,Scenario_1_Normal_Rain
2024-06-01 00:02:00,34.99,2.13,107.17,29.6,S1-Normal baseline,Scenario_1_Normal_Rain
2024-06-01 00:03:00,34.91,2.77,105.28,30.35,S1-Normal baseline,Scenario_1_Normal_Rain
2024-06-01 00:04:00,34.91,2.39,108.47,30.48,S1-Normal baseline,Scenario_1_Normal_Rain
2024-06-01 00:05:00,35.11,1.53,104.77,30.34,S1-Normal baseline,Scenario_1_Normal_Rain
2024-06-01 00:06:00,35.03,2.13,105.39,29.67,S1-Normal baseline,Scenario_1_Normal_Rain
2024-06-01 00:07:00,35.07,2.35,108.74,29.82,S1-Normal baseline,Scenario_1_Normal_Rain
2024-06-01 00:08:00,35.05,1.44,110.19,29.81,S1-Normal baseline,Scenario_1_Normal_Rain
2024-06-01 00:09:00,34.99,1.81,107.32,29.91,S1-Normal baseline,Scenario_1_Normal_Rain
2024-06-01 00:10:00,35.0,1.94,108.9,29.89,S1-Normal baseline,Scenario_1_Normal_Rain
2024-06-01 00:11:00,35.01,2.07,105.89,29.61,S1-Normal baseline,Scenario_1_Normal_Rain
2024-06-01 00:12:00,35.06,2.13,104.3,29.43,S1-Normal baseline,Scenario_1_Normal_Rain
2024-06-01 00:13:00,35.08,2.63,106.54,30.45,S1-Normal baseline,Scenario_1_Normal_Rain
2024-06-01 00:14:00,35.1,1.67,108.63,30.18,S1-Normal baseline,Scenario_1_Normal_Rain
2024-06-01 00:15:00,35.09,2.17,109.58,29.89,S1-Normal baseline,Scenario_1_Normal_Rain
2024-06-01 00:16:00,35.04,2.06,107.16,30.21,S1-Normal baseline,Scenario_1_Normal_Rain
2024-06-01 00:17:00,35.17,1.67,110.11,29.98,S1-Normal baseline,Scenario_1_Normal_Rain
2024-06-01 00:18:00,35.15,1.53,111.95,29.74,S1-Normal baseline,Scenario_1_Normal_Rain
2024-06-01 00:19:00,35.08,2.47,103.37,30.5,S1-Normal baseline,Scenario_1_Normal_Rain
2024-06-01 00:20:00,35.11,1.99,103.59,30.53,S1-Normal baseline,Scenario_1_Normal_Rain
2024-06-01 00:21:00,35.12,1.31,105.83,30.35,S1-Normal baseline,Scenario_1_Normal_Rain
2024-06-01 00:22:00,35.21,1.9,108.99,30.16,S1-Normal baseline,Scenario_1_Normal_Rain
2024-06-01 00:23:00,35.2,1.38,105.58,30.34,S1-Normal baseline,Scenario_1_Normal_Rain
2024-06-01 00:24:00,35.14,1.74,110.47,30.42,S1-Normal baseline,Scenario_1_Normal_Rain
2024-06-01 00:25:00,35.26,1.56,110.47,29.75,S1-Normal baseline,Scenario_1_Normal_Rain
2024-06-01 00:26:00,35.28,1.06,104.96,29.87,S1-Normal baseline,Scenario_1_Normal_Rain
2024-06-01 00:27:00,35.3,1.81,106.7,30.42,S1-Normal baseline,Scenario_1_Normal_Rain
2024-06-01 00:28:00,35.27,2.58,105.26,29.52,S1-Normal baseline,Scenario_1_Normal_Rain
2024-06-01 00:29:00,35.36,2.15,110.09,30.21,S1-Normal baseline,Scenario_1_Normal_Rain
2024-06-01 00:30:00,35.29,1.27,112.5,30.37,S1-Normal baseline,Scenario_1_Normal_Rain
2024-06-01 00:31:00,35.29,1.62,109.44,29.94,S1-Normal baseline,Scenario_1_Normal_Rain
2024-06-01 00:32:00,35.3,2.62,109.76,29.84,S1-Normal baseline,Scenario_1_Normal_Rain
2024-06-01 00:33:00,35.32,1.59,106.76,30.41,S1-Normal baseline,Scenario_1_Normal_Rain
2024-06-01 00:34:00,35.28,2.37,105.72,29.74,S1-Normal baseline,Scenario_1_Normal_Rain
2024-06-01 00:35:00,35.38,2.44,107.32,29.31,S1-Normal baseline,Scenario_1_Normal_Rain
2024-06-01 00:36:00,35.46,1.68,107.48,30.23,S1-Normal baseline,Scenario_1_Normal_Rain
2024-06-01 00:37:00,35.44,1.62,105.67,30.41,S1-Normal baseline,Scenario_1_Normal_Rain
2024-06-01 00:38:00,35.44,2.42,107.12,30.04,S1-Normal baseline,Scenario_1_Normal_Rain
2024-06-01 00:39:00,35.41,3.31,105.38,30.56,S1-Normal baseline,Scenario_1_Normal_Rain
2024-06-01 00:40:00,35.6,2.07,108.18,30.15,S1-Normal baseline,Scenario_1_Normal_Rain
2024-06-01 00:41:00,35.55,2.36,110.54,30.12,S1-Normal baseline,Scenario_1_Normal_Rain
2024-06-01 00:42:00,35.53,1.69,110.68,30.68,S1-Normal baseline,Scenario_1_Normal_Rain
2024-06-01 00:43:00,35.52,2.65,106.12,29.97,S1-Normal baseline,Scenario_1_Normal_Rain
2024-06-01 00:44:00,35.59,1.52,111.01,29.66,S1-Normal baseline,Scenario_1_Normal_Rain
2024-06-01 00:45:00,35.61,2.45,107.07,29.68,S1-Normal baseline,Scenario_1_Normal_Rain
2024-06-01 00:46:00,35.59,1.46,105.62,29.9,S1-Normal baseline,Scenario_1_Normal_Rain
2024-06-01 00:47:00,35.68,2.06,106.25,29.9,S1-Normal baseline,Scenario_1_Normal_Rain
2024-06-01 00:48:00,35.69,1.59,107.41,30.14,S1-Normal baseline,Scenario_1_Normal_Rain
2024-06-01 00:49:00,35.68,1.12,109.0,30.39,S1-Normal baseline,Scenario_1_Normal_Rain
2024-06-01 00:50:00,35.75,2.48,104.39,29.72,S1-Normal baseline,Scenario_1_Normal_Rain
2024-06-01 00:51:00,35.77,2.42,107.28,30.67,S1-Normal baseline,Scenario_1_Normal_Rain
2024-06-01 00:52:00,35.77,1.56,106.43,29.88,S1-Normal baseline,Scenario_1_Normal_Rain
2024-06-01 00:53:00,35.87,1.99,108.38,30.01,S1-Normal baseline,Scenario_1_Normal_Rain
2024-06-01 00:54:00,35.93,1.76,104.59,29.86,S1-Normal baseline,Scenario_1_Normal_Rain
2024-06-01 00:55:00,35.93,1.98,106.51,29.55,S1-Normal baseline,Scenario_1_Normal_Rain
2024-06-01 00:56:00,35.83,2.33,106.24,29.9,S1-Normal baseline,Scenario_1_Normal_Rain
2024-06-01 00:57:00,35.98,1.61,107.52,29.41,S1-Normal baseline,Scenario_1_Normal_Rain
2024-06-01 00:58:00,35.91,2.67,106.85,30.11,S1-Normal baseline,Scenario_1_Normal_Rain
2024-06-01 00:59:00,35.97,0.95,111.45,30.12,S1-Normal baseline,Scenario_1_Normal_Rain
2024-06-01 01:00:00,36.01,2.24,109.07,30.1,S1-Normal baseline,Scenario_1_Normal_Rain
2024-06-01 01:01:00,36.0,2.33,109.24,30.16,S1-Normal baseline,Scenario_1_Normal_Rain
2024-06-01 01:02:00,35.98,1.52,106.46,29.54,S1-Normal baseline,Scenario_1_Normal_Rain
2024-06-01 01:03:00,36.04,1.32,108.13,29.69,S1-Normal baseline,Scenario_1_Normal_Rain
2024-06-01 01:04:00,36.13,1.62,108.13,30.31,S1-Normal baseline,Scenario_1_Normal_Rain
2024-06-01 01:05:00,36.15,1.3,109.81,29.6,S1-Normal baseline,Scenario_1_Normal_Rain
2024-06-01 01:06:00,36.18,2.25,110.08,30.15,S1-Normal baseline,Scenario_1_Normal_Rain
2024-06-01 01:07:00,36.2,2.01,109.04,29.72,S1-Normal baseline,Scenario_1_Normal_Rain
2024-06-01 01:08:00,36.24,2.5,107.4,30.45,S1-Normal baseline,Scenario_1_Normal_Rain
2024-06-01 01:09:00,36.26,1.81,102.3,30.09,S1-Normal baseline,Scenario_1_Normal_Rain
2024-06-01 01:10:00,36.27,2.06,109.12,29.9,S1-Normal baseline,Scenario_1_Normal_Rain
2024-06-01 01:11:00,36.33,2.49,109.36,30.62,S1-Normal baseline,Scenario_1_Normal_Rain
2024-06-01 01:12:00,36.28,2.4,108.24,29.94,S1-Normal baseline,Scenario_1_Normal_Rain
2024-06-01 01:13:00,36.33,1.96,107.42,29.92,S1-Normal baseline,Scenario_1_Normal_Rain
2024-06-01 01:14:00,36.29,1.89,106.05,30.12,S1-Normal baseline,Scenario_1_Normal_Rain
2024-06-01 01:15:00,36.34,2.1,106.26,29.88,S1-Normal baseline,Scenario_1_Normal_Rain
2024-06-01 01:16:00,36.37,1.13,107.77,30.17,S1-Normal baseline,Scenario_1_Normal_Rain
2024-06-01 01:17:00,36.52,2.39,107.71,30.11,S1-Normal baseline,Scenario_1_Normal_Rain
2024-06-01 01:18:00,36.52,2.35,107.15,30.28,S1-Normal baseline,Scenario_1_Normal_Rain
2024-06-01 01:19:00,36.54,2.14,107.57,30.15,S1-Normal baseline,Scenario_1_Normal_Rain
2024-06-01 01:20:00,36.48,2.98,111.39,30.3,S1-Normal baseline,Scenario_1_Normal_Rain
2024-06-01 01:21:00,36.59,2.33,110.66,30.11,S1-Normal baseline,Scenario_1_Normal_Rain
2024-06-01 01:22:00,36.63,1.24,106.29,30.25,S1-Normal baseline,Scenario_1_Normal_Rain
2024-06-01 01:23:00,36.57,2.41,110.33,29.9,S1-Normal baseline,Scenario_1_Normal_Rain
2024-06-01 01:24:00,36.64,0.7,107.68,30.17,S1-Normal baseline,Scenario_1_Normal_Rain
2024-06-01 01:25:00,36.56,2.24,103.91,30.39,S1-Normal baseline,Scenario_1_Normal_Rain
2024-06-01 01:26:00,36.54,1.04,111.31,30.21,S1-Normal baseline,Scenario_1_Normal_Rain
2024-06-01 01:27:00,36.68,2.23,104.23,30.18,S1-Normal baseline,Scenario_1_Normal_Rain
2024-06-01 01:28:00,36.67,1.95,109.1,30.49,S1-Normal baseline,Scenario_1_Normal_Rain
2024-06-01 01:29:00,36.65,1.58,108.73,29.73,S1-Normal baseline,Scenario_1_Normal_Rain
2024-06-01 01:30:00,36.65,2.77,108.9,30.14,S1-Normal baseline,Scenario_1_Normal_Rain
2024-06-01 01:31:00,36.72,1.31,109.76,30.18,S1-Normal baseline,Scenario_1_Normal_Rain
2024-06-01 01:32:00,36.68,1.28,108.51,30.49,S1-Normal baseline,Scenario_1_Normal_Rain
2024-06-01 01:33:00,36.83,1.96,109.39,30.19,S1-Normal baseline,Scenario_1_Normal_Rain
2024-06-01 01:34:00,36.84,2.34,107.07,30.06,S1-Normal baseline,Scenario_1_Normal_Rain
2024-06-01 01:35:00,36.76,1.16,108.6,29.97,S1-Normal baseline,Scenario_1_Normal_Rain
2024-06-01 01:36:00,36.75,3.03,106.54,29.81,S1-Normal baseline,Scenario_1_Normal_Rain
2024-06-01 01:37:00,36.84,1.69,107.62,30.3,S1-Normal baseline,Scenario_1_Normal_Rain
2024-06-01 01:38:00,36.86,2.2,105.6,29.41,S1-Normal baseline,Scenario_1_Normal_Rain
2024-06-01 01:39:00,36.87,2.14,108.19,30.13,S1-Normal baseline,Scenario_1_Normal_Rain
2024-06-01 01:40:00,36.84,1.56,106.76,29.94,S1-Normal baseline,Scenario_1_Normal_Rain
2024-06-01 01:41:00,36.91,1.8,108.18,30.05,S1-Normal baseline,Scenario_1_Normal_Rain
2024-06-01 01:42:00,36.92,1.57,108.65,29.92,S1-Normal baseline,Scenario_1_Normal_Rain
2024-06-01 01:43:00,36.86,1.82,111.18,29.95,S1-Normal baseline,Scenario_1_Normal_Rain
2024-06-01 01:44:00,36.93,2.34,105.42,29.96,S1-Normal baseline,Scenario_1_Normal_Rain
2024-06-01 01:45:00,36.88,2.88,107.67,29.46,S1-Normal baseline,Scenario_1_Normal_Rain
2024-06-01 01:46:00,36.91,1.76,107.47,29.79,S1-Normal baseline,Scenario_1_Normal_Rain
2024-06-01 01:47:00,37.02,2.64,107.31,29.78,S1-Normal baseline,Scenario_1_Normal_Rain
2024-06-01 01:48:00,37.04,1.93,111.21,30.16,S1-Normal baseline,Scenario_1_Normal_Rain
2024-06-01 01:49:00,37.04,1.21,105.87,29.58,S1-Normal baseline,Scenario_1_Normal_Rain
2024-06-01 01:50:00,36.93,2.15,107.42,29.52,S1-Normal baseline,Scenario_1_Normal_Rain
2024-06-01 01:51:00,37.06,1.42,109.68,29.98,S1-Normal baseline,Scenario_1_Normal_Rain
2024-06-01 01:52:00,36.91,1.58,108.35,29.86,S1-Normal baseline,Scenario_1_Normal_Rain
2024-06-01 01:53:00,36.94,1.75,107.9,30.29,S1-Normal baseline,Scenario_1_Normal_Rain
2024-06-01 01:54:00,36.99,2.19,104.91,30.15,S1-Normal baseline,Scenario_1_Normal_Rain
2024-06-01 01:55:00,37.0,1.68,106.02,29.99,S1-Normal baseline,Scenario_1_Normal_Rain
2024-06-01 01:56:00,36.98,2.43,105.39,29.52,S1-Normal baseline,Scenario_1_Normal_Rain
2024-06-01 01:57:00,37.05,1.0,110.09,30.43,S1-Normal baseline,Scenario_1_Normal_Rain
2024-06-01 01:58:00,37.01,0.94,109.08,30.16,S1-Normal baseline,Scenario_1_Normal_Rain
2024-06-01 01:59:00,37.02,1.85,106.54,30.01,S1-Normal baseline,Scenario_1_Normal_Rain
2024-06-01 02:00:00,37.04,2.07,104.87,30.15,S1-Light rain begins,Scenario_1_Normal_Rain
2024-06-01 02:01:00,37.04,1.46,107.69,30.41,S1-Light rain begins,Scenario_1_Normal_Rain
2024-06-01 02:02:00,36.97,2.08,105.76,30.21,S1-Light rain begins,Scenario_1_Normal_Rain
2024-06-01 02:03:00,37.06,2.44,106.87,30.34,S1-Light rain begins,Scenario_1_Normal_Rain
2024-06-01 02:04:00,37.05,1.98,108.71,29.78,S1-Light rain begins,Scenario_1_Normal_Rain
2024-06-01 02:05:00,37.02,2.81,111.35,30.03,S1-Light rain begins,Scenario_1_Normal_Rain
2024-06-01 02:06:00,37.12,1.97,109.36,29.77,S1-Light rain begins,Scenario_1_Normal_Rain
2024-06-01 02:07:00,37.17,2.76,108.31,30.09,S1-Light rain begins,Scenario_1_Normal_Rain
2024-06-01 02:08:00,37.17,2.13,111.37,30.37,S1-Light rain begins,Scenario_1_Normal_Rain
2024-06-01 02:09:00,37.18,2.51,111.29,30.09,S1-Light rain begins,Scenario_1_Normal_Rain
2024-06-01 02:10:00,37.26,2.8,111.8,30.21,S1-Light rain begins,Scenario_1_Normal_Rain
2024-06-01 02:11:00,37.35,3.71,111.75,30.36,S1-Light rain begins,Scenario_1_Normal_Rain
2024-06-01 02:12:00,37.4,2.95,112.11,30.88,S1-Light rain begins,Scenario_1_Normal_Rain
2024-06-01 02:13:00,37.48,2.64,110.1,30.53,S1-Light rain begins,Scenario_1_Normal_Rain
2024-06-01 02:14:00,37.52,2.84,114.25,30.01,S1-Light rain begins,Scenario_1_Normal_Rain
2024-06-01 02:15:00,37.6,3.63,114.86,30.45,S1-Light rain begins,Scenario_1_Normal_Rain
2024-06-01 02:16:00,37.66,2.93,114.3,30.11,S1-Light rain begins,Scenario_1_Normal_Rain
2024-06-01 02:17:00,37.72,4.41,118.57,31.02,S1-Light rain begins,Scenario_1_Normal_Rain
2024-06-01 02:18:00,37.83,3.78,114.24,29.87,S1-Light rain begins,Scenario_1_Normal_Rain
2024-06-01 02:19:00,37.95,4.52,116.04,30.77,S1-Light rain begins,Scenario_1_Normal_Rain
2024-06-01 02:20:00,38.07,4.98,118.79,30.53,S1-Light rain begins,Scenario_1_Normal_Rain
2024-06-01 02:21:00,38.08,4.99,121.38,30.55,S1-Light rain begins,Scenario_1_Normal_Rain
2024-06-01 02:22:00,38.23,4.13,119.18,31.0,S1-Light rain begins,Scenario_1_Normal_Rain
2024-06-01 02:23:00,38.26,5.83,115.18,30.26,S1-Light rain begins,Scenario_1_Normal_Rain
2024-06-01 02:24:00,38.32,4.01,117.66,30.48,S1-Light rain begins,Scenario_1_Normal_Rain
2024-06-01 02:25:00,38.45,5.62,119.62,30.57,S1-Light rain begins,Scenario_1_Normal_Rain
2024-06-01 02:26:00,38.61,6.62,124.89,30.41,S1-Light rain begins,Scenario_1_Normal_Rain
2024-06-01 02:27:00,38.71,7.03,124.39,31.2,S1-Light rain begins,Scenario_1_Normal_Rain
2024-06-01 02:28:00,38.82,7.23,128.24,31.05,S1-Light rain begins,Scenario_1_Normal_Rain
2024-06-01 02:29:00,38.85,6.37,124.28,30.55,S1-Light rain begins,Scenario_1_Normal_Rain
2024-06-01 02:30:00,39.07,7.2,123.85,31.24,S1-Light rain begins,Scenario_1_Normal_Rain
2024-06-01 02:31:00,39.1,7.55,125.88,31.06,S1-Light rain begins,Scenario_1_Normal_Rain
2024-06-01 02:32:00,39.19,7.48,124.33,30.99,S1-Light rain begins,Scenario_1_Normal_Rain
2024-06-01 02:33:00,39.26,7.47,131.54,31.4,S1-Light rain begins,Scenario_1_Normal_Rain
2024-06-01 02:34:00,39.31,7.36,129.62,31.67,S1-Light rain begins,Scenario_1_Normal_Rain
2024-06-01 02:35:00,39.55,7.91,127.32,31.69,S1-Light rain begins,Scenario_1_Normal_Rain
2024-06-01 02:36:00,39.59,9.13,133.03,31.89,S1-Light rain begins,Scenario_1_Normal_Rain
2024-06-01 02:37:00,39.77,9.81,130.87,31.06,S1-Light rain begins,Scenario_1_Normal_Rain
2024-06-01 02:38:00,39.83,9.15,135.05,31.2,S1-Light rain begins,Scenario_1_Normal_Rain
2024-06-01 02:39:00,39.94,8.95,132.95,31.21,S1-Light rain begins,Scenario_1_Normal_Rain
2024-06-01 02:40:00,40.0,9.55,131.47,31.73,S1-Light rain begins,Scenario_1_Normal_Rain
2024-06-01 02:41:00,40.08,9.9,137.38,31.25,S1-Light rain begins,Scenario_1_Normal_Rain
2024-06-01 02:42:00,40.17,10.13,138.71,31.56,S1-Light rain begins,Scenario_1_Normal_Rain
2024-06-01 02:43:00,40.26,10.26,135.58,31.31,S1-Light rain begins,Scenario_1_Normal_Rain
2024-06-01 02:44:00,40.26,10.33,140.29,31.91,S1-Light rain begins,Scenario_1_Normal_Rain
2024-06-01 02:45:00,40.43,11.13,141.2,31.56,S1-Light rain begins,Scenario_1_Normal_Rain
2024-06-01 02:46:00,40.45,10.47,140.57,31.58,S1-Light rain begins,Scenario_1_Normal_Rain
2024-06-01 02:47:00,40.55,10.07,142.19,32.01,S1-Light rain begins,Scenario_1_Normal_Rain
2024-06-01 02:48:00,40.54,11.28,139.86,31.25,S1-Light rain begins,Scenario_1_Normal_Rain
2024-06-01 02:49:00,40.6,11.26,140.44,31.87,S1-Light rain begins,Scenario_1_Normal_Rain
2024-06-01 02:50:00,40.66,11.86,140.51,32.03,S1-Light rain begins,Scenario_1_Normal_Rain
2024-06-01 02:51:00,40.85,11.23,145.15,32.1,S1-Light rain begins,Scenario_1_Normal_Rain
2024-06-01 02:52:00,40.79,11.66,141.93,31.8,S1-Light rain begins,Scenario_1_Normal_Rain
2024-06-01 02:53:00,40.9,11.45,144.94,32.37,S1-Light rain begins,Scenario_1_Normal_Rain
2024-06-01 02:54:00,40.97,11.72,140.97,31.61,S1-Light rain begins,Scenario_1_Normal_Rain
2024-06-01 02:55:00,40.97,11.96,143.27,32.04,S1-Light rain begins,Scenario_1_Normal_Rain
2024-06-01 02:56:00,41.01,11.88,143.35,31.86,S1-Light rain begins,Scenario_1_Normal_Rain
2024-06-01 02:57:00,41.01,11.54,144.32,32.12,S1-Light rain begins,Scenario_1_Normal_Rain
2024-06-01 02:58:00,41.0,12.3,142.09,32.2,S1-Light rain begins,Scenario_1_Normal_Rain
2024-06-01 02:59:00,40.98,11.65,147.92,32.01,S1-Light rain begins,Scenario_1_Normal_Rain
2024-06-01 03:00:00,40.94,11.69,144.92,32.25,S1-Moderate rain peak [YELLOW expected],Scenario_1_Normal_Rain
2024-06-01 03:01:00,41.08,12.78,143.18,31.71,S1-Moderate rain peak [YELLOW expected],Scenario_1_Normal_Rain
2024-06-01 03:02:00,41.02,12.22,144.37,31.9,S1-Moderate rain peak [YELLOW expected],Scenario_1_Normal_Rain
2024-06-01 03:03:00,40.99,11.85,146.97,32.09,S1-Moderate rain peak [YELLOW expected],Scenario_1_Normal_Rain
2024-06-01 03:04:00,41.06,11.67,142.87,31.78,S1-Moderate rain peak [YELLOW expected],Scenario_1_Normal_Rain
2024-06-01 03:05:00,41.0,12.76,144.7,31.21,S1-Moderate rain peak [YELLOW expected],Scenario_1_Normal_Rain
2024-06-01 03:06:00,41.12,11.55,137.71,32.01,S1-Moderate rain peak [YELLOW expected],Scenario_1_Normal_Rain
2024-06-01 03:07:00,41.09,12.78,145.57,32.23,S1-Moderate rain peak [YELLOW expected],Scenario_1_Normal_Rain
2024-06-01 03:08:00,41.14,12.48,144.3,32.44,S1-Moderate rain peak [YELLOW expected],Scenario_1_Normal_Rain
2024-06-01 03:09:00,41.23,11.57,145.46,32.16,S1-Moderate rain peak [YELLOW expected],Scenario_1_Normal_Rain
2024-06-01 03:10:00,41.17,12.63,142.91,31.99,S1-Moderate rain peak [YELLOW expected],Scenario_1_Normal_Rain
2024-06-01 03:11:00,41.31,13.13,143.61,32.32,S1-Moderate rain peak [YELLOW expected],Scenario_1_Normal_Rain
2024-06-01 03:12:00,41.41,13.37,145.4,32.14,S1-Moderate rain peak [YELLOW expected],Scenario_1_Normal_Rain
2024-06-01 03:13:00,41.36,11.87,148.3,32.09,S1-Moderate rain peak [YELLOW expected],Scenario_1_Normal_Rain
2024-06-01 03:14:00,41.45,12.07,144.17,32.2,S1-Moderate rain peak [YELLOW expected],Scenario_1_Normal_Rain
2024-06-01 03:15:00,41.47,12.56,142.49,32.7,S1-Moderate rain peak [YELLOW expected],Scenario_1_Normal_Rain
2024-06-01 03:16:00,41.56,11.81,144.38,32.35,S1-Moderate rain peak [YELLOW expected],Scenario_1_Normal_Rain
2024-06-01 03:17:00,41.64,12.65,146.42,32.47,S1-Moderate rain peak [YELLOW expected],Scenario_1_Normal_Rain
2024-06-01 03:18:00,41.73,13.23,145.17,31.83,S1-Moderate rain peak [YELLOW expected],Scenario_1_Normal_Rain
2024-06-01 03:19:00,41.91,12.88,146.55,32.28,S1-Moderate rain peak [YELLOW expected],Scenario_1_Normal_Rain
2024-06-01 03:20:00,41.91,12.19,146.63,32.49,S1-Moderate rain peak [YELLOW expected],Scenario_1_Normal_Rain
2024-06-01 03:21:00,42.08,12.59,147.38,32.21,S1-Moderate rain peak [YELLOW expected],Scenario_1_Normal_Rain
2024-06-01 03:22:00,42.11,13.91,149.6,32.4,S1-Moderate rain peak [YELLOW expected],Scenario_1_Normal_Rain
2024-06-01 03:23:00,42.13,12.68,147.06,33.19,S1-Moderate rain peak [YELLOW expected],Scenario_1_Normal_Rain
2024-06-01 03:24:00,42.27,12.9,146.58,32.61,S1-Moderate rain peak [YELLOW expected],Scenario_1_Normal_Rain
2024-06-01 03:25:00,42.44,13.96,151.64,33.05,S1-Moderate rain peak [YELLOW expected],Scenario_1_Normal_Rain
2024-06-01 03:26:00,42.53,13.3,148.56,32.18,S1-Moderate rain peak [YELLOW expected],Scenario_1_Normal_Rain
2024-06-01 03:27:00,42.59,13.44,150.05,32.39,S1-Moderate rain peak [YELLOW expected],Scenario_1_Normal_Rain
2024-06-01 03:28:00,42.77,13.47,151.09,32.41,S1-Moderate rain peak [YELLOW expected],Scenario_1_Normal_Rain
2024-06-01 03:29:00,42.84,13.86,148.19,32.56,S1-Moderate rain peak [YELLOW expected],Scenario_1_Normal_Rain
2024-06-01 03:30:00,42.93,14.08,150.05,32.74,S1-Moderate rain peak [YELLOW expected],Scenario_1_Normal_Rain
2024-06-01 03:31:00,43.18,13.91,151.26,33.26,S1-Moderate rain peak [YELLOW expected],Scenario_1_Normal_Rain
2024-06-01 03:32:00,43.21,14.76,148.15,32.84,S1-Moderate rain peak [YELLOW expected],Scenario_1_Normal_Rain
2024-06-01 03:33:00,43.29,13.27,150.33,32.72,S1-Moderate rain peak [YELLOW expected],Scenario_1_Normal_Rain
2024-06-01 03:34:00,43.47,14.66,147.62,32.8,S1-Moderate rain peak [YELLOW expected],Scenario_1_Normal_Rain
2024-06-01 03:35:00,43.59,14.97,155.19,33.07,S1-Moderate rain peak [YELLOW expected],Scenario_1_Normal_Rain
2024-06-01 03:36:00,43.81,14.67,152.5,32.82,S1-Moderate rain peak [YELLOW expected],Scenario_1_Normal_Rain
2024-06-01 03:37:00,43.91,14.78,150.28,32.98,S1-Moderate rain peak [YELLOW expected],Scenario_1_Normal_Rain
2024-06-01 03:38:00,43.99,15.42,152.34,33.19,S1-Moderate rain peak [YELLOW expected],Scenario_1_Normal_Rain
2024-06-01 03:39:00,44.18,15.24,152.56,33.2,S1-Moderate rain peak [YELLOW expected],Scenario_1_Normal_Rain
2024-06-01 03:40:00,44.33,15.62,153.15,32.86,S1-Moderate rain peak [YELLOW expected],Scenario_1_Normal_Rain
2024-06-01 03:41:00,44.43,15.66,157.45,33.38,S1-Moderate rain peak [YELLOW expected],Scenario_1_Normal_Rain
2024-06-01 03:42:00,44.6,15.81,152.31,33.05,S1-Moderate rain peak [YELLOW expected],Scenario_1_Normal_Rain
2024-06-01 03:43:00,44.67,15.91,155.4,33.37,S1-Moderate rain peak [YELLOW expected],Scenario_1_Normal_Rain
2024-06-01 03:44:00,44.88,15.99,154.9,33.27,S1-Moderate rain peak [YELLOW expected],Scenario_1_Normal_Rain
2024-06-01 03:45:00,45.03,15.55,156.39,33.48,S1-Moderate rain peak [YELLOW expected],Scenario_1_Normal_Rain
2024-06-01 03:46:00,45.18,16.05,159.7,33.39,S1-Moderate rain peak [YELLOW expected],Scenario_1_Normal_Rain
2024-06-01 03:47:00,45.25,16.89,153.61,33.47,S1-Moderate rain peak [YELLOW expected],Scenario_1_Normal_Rain
2024-06-01 03:48:00,45.56,15.81,156.6,33.5,S1-Moderate rain peak [YELLOW expected],Scenario_1_Normal_Rain
2024-06-01 03:49:00,45.54,16.88,155.78,33.33,S1-Moderate rain peak [YELLOW expected],Scenario_1_Normal_Rain
2024-06-01 03:50:00,45.77,16.86,156.22,33.63,S1-Moderate rain peak [YELLOW expected],Scenario_1_Normal_Rain
2024-06-01 03:51:00,45.84,16.1,156.74,33.8,S1-Moderate rain peak [YELLOW expected],Scenario_1_Normal_Rain
2024-06-01 03:52:00,46.01,17.46,160.47,33.62,S1-Moderate rain peak [YELLOW expected],Scenario_1_Normal_Rain
2024-06-01 03:53:00,46.09,17.66,158.38,33.99,S1-Moderate rain peak [YELLOW expected],Scenario_1_Normal_Rain
2024-06-01 03:54:00,46.19,16.72,156.28,34.42,S1-Moderate rain peak [YELLOW expected],Scenario_1_Normal_Rain
2024-06-01 03:55:00,46.4,17.12,158.43,34.73,S1-Moderate rain peak [YELLOW expected],Scenario_1_Normal_Rain
2024-06-01 03:56:00,46.48,17.81,160.03,34.12,S1-Moderate rain peak [YELLOW expected],Scenario_1_Normal_Rain
2024-06-01 03:57:00,46.69,17.88,158.48,34.4,S1-Moderate rain peak [YELLOW expected],Scenario_1_Normal_Rain
2024-06-01 03:58:00,46.78,18.27,163.58,34.26,S1-Moderate rain peak [YELLOW expected],Scenario_1_Normal_Rain
2024-06-01 03:59:00,46.85,17.82,161.22,33.89,S1-Moderate rain peak [YELLOW expected],Scenario_1_Normal_Rain
2024-06-01 04:00:00,46.97,18.76,161.24,33.75,S1-Moderate rain peak [YELLOW expected],Scenario_1_Normal_Rain
2024-06-01 04:01:00,47.06,17.42,160.47,34.39,S1-Moderate rain peak [YELLOW expected],Scenario_1_Normal_Rain
2024-06-01 04:02:00,47.22,19.03,162.11,34.4,S1-Moderate rain peak [YELLOW expected],Scenario_1_Normal_Rain
2024-06-01 04:03:00,47.36,18.28,164.54,34.38,S1-Moderate rain peak [YELLOW expected],Scenario_1_Normal_Rain
2024-06-01 04:04:00,47.45,18.85,165.81,34.38,S1-Moderate rain peak [YELLOW expected],Scenario_1_Normal_Rain
2024-06-01 04:05:00,47.55,18.62,163.47,34.25,S1-Moderate rain peak [YELLOW expected],Scenario_1_Normal_Rain
2024-06-01 04:06:00,47.61,18.95,163.08,34.39,S1-Moderate rain peak [YELLOW expected],Scenario_1_Normal_Rain
2024-06-01 04:07:00,47.8,18.31,163.93,33.93,S1-Moderate rain peak [YELLOW expected],Scenario_1_Normal_Rain
2024-06-01 04:08:00,47.9,18.56,163.31,34.23,S1-Moderate rain peak [YELLOW expected],Scenario_1_Normal_Rain
2024-06-01 04:09:00,48.01,19.34,165.22,34.44,S1-Moderate rain peak [YELLOW expected],Scenario_1_Normal_Rain
2024-06-01 04:10:00,48.05,19.79,164.14,34.85,S1-Moderate rain peak [YELLOW expected],Scenario_1_Normal_Rain
2024-06-01 04:11:00,48.12,18.55,166.62,35.13,S1-Moderate rain peak [YELLOW expected],Scenario_1_Normal_Rain
2024-06-01 04:12:00,48.17,19.66,166.89,34.66,S1-Moderate rain peak [YELLOW expected],Scenario_1_Normal_Rain
2024-06-01 04:13:00,48.34,19.3,164.89,34.88,S1-Moderate rain peak [YELLOW expected],Scenario_1_Normal_Rain
2024-06-01 04:14:00,48.45,18.93,166.52,35.13,S1-Moderate rain peak [YELLOW expected],Scenario_1_Normal_Rain
2024-06-01 04:15:00,48.56,18.66,168.58,34.68,S1-Moderate rain peak [YELLOW expected],Scenario_1_Normal_Rain
2024-06-01 04:16:00,48.49,19.17,166.33,35.13,S1-Moderate rain peak [YELLOW expected],Scenario_1_Normal_Rain
2024-06-01 04:17:00,48.62,18.89,166.4,34.95,S1-Moderate rain peak [YELLOW expected],Scenario_1_Normal_Rain
2024-06-01 04:18:00,48.68,20.24,162.25,34.33,S1-Moderate rain peak [YELLOW expected],Scenario_1_Normal_Rain
2024-06-01 04:19:00,48.66,19.75,169.1,34.81,S1-Moderate rain peak [YELLOW expected],Scenario_1_Normal_Rain
2024-06-01 04:20:00,48.69,19.06,166.17,34.56,S1-Moderate rain peak [YELLOW expected],Scenario_1_Normal_Rain
2024-06-01 04:21:00,48.76,20.37,168.4,34.72,S1-Moderate rain peak [YELLOW expected],Scenario_1_Normal_Rain
2024-06-01 04:22:00,48.89,20.51,165.2,34.85,S1-Moderate rain peak [YELLOW expected],Scenario_1_Normal_Rain
2024-06-01 04:23:00,48.88,20.06,167.1,34.74,S1-Moderate rain peak [YELLOW expected],Scenario_1_Normal_Rain
2024-06-01 04:24:00,48.83,19.63,168.62,35.38,S1-Moderate rain peak [YELLOW expected],Scenario_1_Normal_Rain
2024-06-01 04:25:00,48.98,19.67,166.8,35.07,S1-Moderate rain peak [YELLOW expected],Scenario_1_Normal_Rain
2024-06-01 04:26:00,48.98,19.48,166.71,34.72,S1-Moderate rain peak [YELLOW expected],Scenario_1_Normal_Rain
2024-06-01 04:27:00,49.05,19.8,170.74,35.61,S1-Moderate rain peak [YELLOW expected],Scenario_1_Normal_Rain
2024-06-01 04:28:00,49.02,20.46,166.42,34.14,S1-Moderate rain peak [YELLOW expected],Scenario_1_Normal_Rain
2024-06-01 04:29:00,48.97,19.4,168.8,34.4,S1-Moderate rain peak [YELLOW expected],Scenario_1_Normal_Rain
2024-06-01 04:30:00,48.99,19.75,168.86,35.06,S1-Rain easing,Scenario_1_Normal_Rain
2024-06-01 04:31:00,48.98,20.36,171.02,35.36,S1-Rain easing,Scenario_1_Normal_Rain
2024-06-01 04:32:00,49.02,19.31,167.98,35.91,S1-Rain easing,Scenario_1_Normal_Rain
2024-06-01 04:33:00,48.96,20.52,169.44,34.66,S1-Rain easing,Scenario_1_Normal_Rain
2024-06-01 04:34:00,49.04,20.06,167.15,35.0,S1-Rain easing,Scenario_1_Normal_Rain
2024-06-01 04:35:00,49.01,19.08,166.84,35.59,S1-Rain easing,Scenario_1_Normal_Rain
2024-06-01 04:36:00,48.98,19.32,167.63,34.94,S1-Rain easing,Scenario_1_Normal_Rain
2024-06-01 04:37:00,48.9,20.65,167.32,35.42,S1-Rain easing,Scenario_1_Normal_Rain
2024-06-01 04:38:00,48.95,19.66,169.25,34.46,S1-Rain easing,Scenario_1_Normal_Rain
2024-06-01 04:39:00,48.88,19.79,173.16,35.37,S1-Rain easing,Scenario_1_Normal_Rain
2024-06-01 04:40:00,48.94,18.66,167.06,34.97,S1-Rain easing,Scenario_1_Normal_Rain
2024-06-01 04:41:00,48.89,19.39,166.87,34.48,S1-Rain easing,Scenario_1_Normal_Rain
2024-06-01 04:42:00,48.89,19.24,166.1,34.71,S1-Rain easing,Scenario_1_Normal_Rain
2024-06-01 04:43:00,48.88,19.98,167.67,34.71,S1-Rain easing,Scenario_1_Normal_Rain
2024-06-01 04:44:00,48.72,19.86,164.76,34.81,S1-Rain easing,Scenario_1_Normal_Rain
2024-06-01 04:45:00,48.81,19.41,166.95,34.63,S1-Rain easing,Scenario_1_Normal_Rain
2024-06-01 04:46:00,48.71,18.48,168.87,34.5,S1-Rain easing,Scenario_1_Normal_Rain
2024-06-01 04:47:00,48.82,18.94,168.12,34.77,S1-Rain easing,Scenario_1_Normal_Rain
2024-06-01 04:48:00,48.71,18.93,167.44,34.32,S1-Rain easing,Scenario_1_Normal_Rain
2024-06-01 04:49:00,48.58,18.89,161.31,34.46,S1-Rain easing,Scenario_1_Normal_Rain
2024-06-01 04:50:00,48.64,18.59,165.06,34.45,S1-Rain easing,Scenario_1_Normal_Rain
2024-06-01 04:51:00,48.48,19.19,161.85,34.41,S1-Rain easing,Scenario_1_Normal_Rain
2024-06-01 04:52:00,48.58,18.72,164.04,35.05,S1-Rain easing,Scenario_1_Normal_Rain
2024-06-01 04:53:00,48.53,17.78,160.37,35.19,S1-Rain easing,Scenario_1_Normal_Rain
2024-06-01 04:54:00,48.48,18.16,163.41,34.69,S1-Rain easing,Scenario_1_Normal_Rain
2024-06-01 04:55:00,48.47,18.63,163.8,34.88,S1-Rain easing,Scenario_1_Normal_Rain
2024-06-01 04:56:00,48.51,17.34,161.91,35.09,S1-Rain easing,Scenario_1_Normal_Rain
2024-06-01 04:57:00,48.45,18.46,162.42,34.51,S1-Rain easing,Scenario_1_Normal_Rain
2024-06-01 04:58:00,48.36,18.23,161.5,34.62,S1-Rain easing,Scenario_1_Normal_Rain
2024-06-01 04:59:00,48.19,17.82,159.36,35.35,S1-Rain easing,Scenario_1_Normal_Rain
2024-06-01 05:00:00,48.25,16.82,158.39,34.71,S1-Rain easing,Scenario_1_Normal_Rain
2024-06-01 05:01:00,48.27,16.36,157.03,34.41,S1-Rain easing,Scenario_1_Normal_Rain
2024-06-01 05:02:00,48.17,16.83,158.32,34.69,S1-Rain easing,Scenario_1_Normal_Rain
2024-06-01 05:03:00,48.17,16.6,155.43,34.77,S1-Rain easing,Scenario_1_Normal_Rain
2024-06-01 05:04:00,48.08,17.06,159.15,34.22,S1-Rain easing,Scenario_1_Normal_Rain
2024-06-01 05:05:00,48.02,16.14,158.42,35.06,S1-Rain easing,Scenario_1_Normal_Rain
2024-06-01 05:06:00,47.9,16.34,153.47,34.58,S1-Rain easing,Scenario_1_Normal_Rain
2024-06-01 05:07:00,47.92,16.86,153.94,34.77,S1-Rain easing,Scenario_1_Normal_Rain
2024-06-01 05:08:00,47.91,16.21,151.49,34.66,S1-Rain easing,Scenario_1_Normal_Rain
2024-06-01 05:09:00,47.89,16.11,154.7,34.27,S1-Rain easing,Scenario_1_Normal_Rain
2024-06-01 05:10:00,47.76,15.82,152.43,35.1,S1-Rain easing,Scenario_1_Normal_Rain
2024-06-01 05:11:00,47.76,15.74,150.09,34.73,S1-Rain easing,Scenario_1_Normal_Rain
2024-06-01 05:12:00,47.68,16.62,151.37,34.26,S1-Rain easing,Scenario_1_Normal_Rain
2024-06-01 05:13:00,47.61,14.74,153.9,34.65,S1-Rain easing,Scenario_1_Normal_Rain
2024-06-01 05:14:00,47.63,15.31,150.2,34.58,S1-Rain easing,Scenario_1_Normal_Rain
2024-06-01 05:15:00,47.45,15.28,149.96,34.8,S1-Rain easing,Scenario_1_Normal_Rain
2024-06-01 05:16:00,47.4,14.58,150.39,34.5,S1-Rain easing,Scenario_1_Normal_Rain
2024-06-01 05:17:00,47.35,14.33,146.97,34.22,S1-Rain easing,Scenario_1_Normal_Rain
2024-06-01 05:18:00,47.42,14.98,150.5,33.78,S1-Rain easing,Scenario_1_Normal_Rain
2024-06-01 05:19:00,47.34,14.25,150.32,34.03,S1-Rain easing,Scenario_1_Normal_Rain
2024-06-01 05:20:00,47.21,14.76,144.41,34.61,S1-Rain easing,Scenario_1_Normal_Rain
2024-06-01 05:21:00,47.28,14.59,148.93,34.68,S1-Rain easing,Scenario_1_Normal_Rain
2024-06-01 05:22:00,47.1,13.31,145.69,34.76,S1-Rain easing,Scenario_1_Normal_Rain
2024-06-01 05:23:00,47.08,13.79,144.31,34.68,S1-Rain easing,Scenario_1_Normal_Rain
2024-06-01 05:24:00,46.97,13.94,144.93,34.86,S1-Rain easing,Scenario_1_Normal_Rain
2024-06-01 05:25:00,47.01,13.32,141.09,33.98,S1-Rain easing,Scenario_1_Normal_Rain
2024-06-01 05:26:00,46.95,12.7,143.36,34.14,S1-Rain easing,Scenario_1_Normal_Rain
2024-06-01 05:27:00,46.78,13.34,140.69,34.18,S1-Rain easing,Scenario_1_Normal_Rain
2024-06-01 05:28:00,46.8,12.26,139.43,33.54,S1-Rain easing,Scenario_1_Normal_Rain
2024-06-01 05:29:00,46.82,13.74,142.3,34.32,S1-Rain easing,Scenario_1_Normal_Rain
2024-06-01 05:30:00,46.72,12.0,142.29,34.26,S1-Rain easing,Scenario_1_Normal_Rain
2024-06-01 05:31:00,46.75,12.46,141.53,33.62,S1-Rain easing,Scenario_1_Normal_Rain
2024-06-01 05:32:00,46.71,13.14,135.68,34.26,S1-Rain easing,Scenario_1_Normal_Rain
2024-06-01 05:33:00,46.58,11.68,138.81,34.11,S1-Rain easing,Scenario_1_Normal_Rain
2024-06-01 05:34:00,46.52,11.61,138.84,34.49,S1-Rain easing,Scenario_1_Normal_Rain
2024-06-01 05:35:00,46.57,11.94,137.55,33.75,S1-Rain easing,Scenario_1_Normal_Rain
2024-06-01 05:36:00,46.49,11.45,138.18,33.94,S1-Rain easing,Scenario_1_Normal_Rain
2024-06-01 05:37:00,46.43,10.47,140.62,34.21,S1-Rain easing,Scenario_1_Normal_Rain
2024-06-01 05:38:00,46.37,11.23,137.82,34.32,S1-Rain easing,Scenario_1_Normal_Rain
2024-06-01 05:39:00,46.47,11.76,136.38,34.52,S1-Rain easing,Scenario_1_Normal_Rain
2024-06-01 05:40:00,46.3,10.08,141.09,34.28,S1-Rain easing,Scenario_1_Normal_Rain
2024-06-01 05:41:00,46.39,11.33,133.27,33.93,S1-Rain easing,Scenario_1_Normal_Rain
2024-06-01 05:42:00,46.34,11.21,137.77,33.94,S1-Rain easing,Scenario_1_Normal_Rain
2024-06-01 05:43:00,46.21,11.17,133.98,33.82,S1-Rain easing,Scenario_1_Normal_Rain
2024-06-01 05:44:00,46.21,10.77,137.93,34.32,S1-Rain easing,Scenario_1_Normal_Rain
2024-06-01 05:45:00,46.22,10.82,131.52,34.2,S1-Rain easing,Scenario_1_Normal_Rain
2024-06-01 05:46:00,46.06,10.71,135.69,34.56,S1-Rain easing,Scenario_1_Normal_Rain
2024-06-01 05:47:00,46.17,10.71,133.27,34.11,S1-Rain easing,Scenario_1_Normal_Rain
2024-06-01 05:48:00,46.12,10.82,134.89,33.74,S1-Rain easing,Scenario_1_Normal_Rain
2024-06-01 05:49:00,46.03,10.53,130.58,33.91,S1-Rain easing,Scenario_1_Normal_Rain
2024-06-01 05:50:00,46.16,9.8,131.18,33.71,S1-Rain easing,Scenario_1_Normal_Rain
2024-06-01 05:51:00,45.98,10.42,134.53,33.67,S1-Rain easing,Scenario_1_Normal_Rain
2024-06-01 05:52:00,45.96,9.94,132.28,34.2,S1-Rain easing,Scenario_1_Normal_Rain
2024-06-01 05:53:00,46.06,9.66,134.88,34.62,S1-Rain easing,Scenario_1_Normal_Rain
2024-06-01 05:54:00,46.05,10.51,133.55,33.48,S1-Rain easing,Scenario_1_Normal_Rain
2024-06-01 05:55:00,45.93,9.88,133.56,34.31,S1-Rain easing,Scenario_1_Normal_Rain
2024-06-01 05:56:00,46.1,9.85,134.16,34.1,S1-Rain easing,Scenario_1_Normal_Rain
2024-06-01 05:57:00,46.0,9.71,132.74,33.39,S1-Rain easing,Scenario_1_Normal_Rain
2024-06-01 05:58:00,45.99,10.67,133.92,34.13,S1-Rain easing,Scenario_1_Normal_Rain
2024-06-01 05:59:00,46.04,8.85,130.3,34.33,S1-Rain easing,Scenario_1_Normal_Rain
2024-06-01 06:00:00,45.89,9.83,133.35,33.55,S1-Recovery [GREEN expected],Scenario_1_Normal_Rain
2024-06-01 06:01:00,46.02,9.7,131.11,34.39,S1-Recovery [GREEN expected],Scenario_1_Normal_Rain
2024-06-01 06:02:00,45.97,9.3,130.67,33.93,S1-Recovery [GREEN expected],Scenario_1_Normal_Rain
2024-06-01 06:03:00,45.99,10.52,129.29,34.66,S1-Recovery [GREEN expected],Scenario_1_Normal_Rain
2024-06-01 06:04:00,45.93,9.35,131.92,34.0,S1-Recovery [GREEN expected],Scenario_1_Normal_Rain
2024-06-01 06:05:00,45.91,9.44,134.63,33.81,S1-Recovery [GREEN expected],Scenario_1_Normal_Rain
2024-06-01 06:06:00,46.01,8.96,132.14,33.75,S1-Recovery [GREEN expected],Scenario_1_Normal_Rain
2024-06-01 06:07:00,45.97,10.53,129.21,33.51,S1-Recovery [GREEN expected],Scenario_1_Normal_Rain
2024-06-01 06:08:00,45.89,10.47,130.24,33.54,S1-Recovery [GREEN expected],Scenario_1_Normal_Rain
2024-06-01 06:09:00,46.0,10.32,130.52,33.97,S1-Recovery [GREEN expected],Scenario_1_Normal_Rain
2024-06-01 06:10:00,45.86,9.75,132.8,33.95,S1-Recovery [GREEN expected],Scenario_1_Normal_Rain
2024-06-01 06:11:00,45.77,9.75,132.29,33.82,S1-Recovery [GREEN expected],Scenario_1_Normal_Rain
2024-06-01 06:12:00,45.91,10.23,126.91,34.22,S1-Recovery [GREEN expected],Scenario_1_Normal_Rain
2024-06-01 06:13:00,45.84,10.38,131.93,34.41,S1-Recovery [GREEN expected],Scenario_1_Normal_Rain
2024-06-01 06:14:00,45.86,9.24,130.76,33.81,S1-Recovery [GREEN expected],Scenario_1_Normal_Rain
2024-06-01 06:15:00,45.74,9.73,132.31,33.96,S1-Recovery [GREEN expected],Scenario_1_Normal_Rain
2024-06-01 06:16:00,45.71,9.69,131.76,33.91,S1-Recovery [GREEN expected],Scenario_1_Normal_Rain
2024-06-01 06:17:00,45.74,9.46,128.58,33.82,S1-Recovery [GREEN expected],Scenario_1_Normal_Rain
2024-06-01 06:18:00,45.69,10.17,133.94,33.98,S1-Recovery [GREEN expected],Scenario_1_Normal_Rain
2024-06-01 06:19:00,45.6,9.19,129.65,33.08,S1-Recovery [GREEN expected],Scenario_1_Normal_Rain
2024-06-01 06:20:00,45.66,8.4,130.12,33.78,S1-Recovery [GREEN expected],Scenario_1_Normal_Rain
2024-06-01 06:21:00,45.59,10.27,130.13,34.15,S1-Recovery [GREEN expected],Scenario_1_Normal_Rain
2024-06-01 06:22:00,45.53,9.04,130.39,33.79,S1-Recovery [GREEN expected],Scenario_1_Normal_Rain
2024-06-01 06:23:00,45.46,9.08,130.67,33.67,S1-Recovery [GREEN expected],Scenario_1_Normal_Rain
2024-06-01 06:24:00,45.46,9.06,129.81,33.81,S1-Recovery [GREEN expected],Scenario_1_Normal_Rain
2024-06-01 06:25:00,45.39,9.77,130.7,33.65,S1-Recovery [GREEN expected],Scenario_1_Normal_Rain
2024-06-01 06:26:00,45.36,9.05,130.84,33.68,S1-Recovery [GREEN expected],Scenario_1_Normal_Rain
2024-06-01 06:27:00,45.17,8.79,128.23,33.7,S1-Recovery [GREEN expected],Scenario_1_Normal_Rain
2024-06-01 06:28:00,45.16,9.38,129.77,33.44,S1-Recovery [GREEN expected],Scenario_1_Normal_Rain
2024-06-01 06:29:00,45.21,8.46,127.85,33.68,S1-Recovery [GREEN expected],Scenario_1_Normal_Rain
2024-06-01 06:30:00,45.14,9.47,129.75,33.05,S1-Recovery [GREEN expected],Scenario_1_Normal_Rain
2024-06-01 06:31:00,45.2,8.62,131.51,33.45,S1-Recovery [GREEN expected],Scenario_1_Normal_Rain
2024-06-01 06:32:00,45.07,8.98,131.45,32.95,S1-Recovery [GREEN expected],Scenario_1_Normal_Rain
2024-06-01 06:33:00,44.94,8.37,127.54,33.47,S1-Recovery [GREEN expected],Scenario_1_Normal_Rain
2024-06-01 06:34:00,44.75,9.24,125.92,33.49,S1-Recovery [GREEN expected],Scenario_1_Normal_Rain
2024-06-01 06:35:00,44.9,7.51,128.18,33.41,S1-Recovery [GREEN expected],Scenario_1_Normal_Rain
2024-06-01 06:36:00,44.82,8.32,130.03,33.34,S1-Recovery [GREEN expected],Scenario_1_Normal_Rain
2024-06-01 06:37:00,44.76,7.72,128.14,33.38,S1-Recovery [GREEN expected],Scenario_1_Normal_Rain
2024-06-01 06:38:00,44.55,8.36,127.47,33.25,S1-Recovery [GREEN expected],Scenario_1_Normal_Rain
2024-06-01 06:39:00,44.48,8.15,130.26,33.34,S1-Recovery [GREEN expected],Scenario_1_Normal_Rain
2024-06-01 06:40:00,44.45,7.79,126.47,33.39,S1-Recovery [GREEN expected],Scenario_1_Normal_Rain
2024-06-01 06:41:00,44.44,7.83,122.95,32.35,S1-Recovery [GREEN expected],Scenario_1_Normal_Rain
2024-06-01 06:42:00,44.43,8.4,125.04,33.23,S1-Recovery [GREEN expected],Scenario_1_Normal_Rain
2024-06-01 06:43:00,44.28,8.07,122.7,32.99,S1-Recovery [GREEN expected],Scenario_1_Normal_Rain
2024-06-01 06:44:00,44.18,8.15,124.31,33.32,S1-Recovery [GREEN expected],Scenario_1_Normal_Rain
2024-06-01 06:45:00,44.17,7.63,124.43,33.05,S1-Recovery [GREEN expected],Scenario_1_Normal_Rain
2024-06-01 06:46:00,43.98,8.03,124.98,32.86,S1-Recovery [GREEN expected],Scenario_1_Normal_Rain
2024-06-01 06:47:00,43.99,7.43,122.63,33.06,S1-Recovery [GREEN expected],Scenario_1_Normal_Rain
2024-06-01 06:48:00,43.99,7.93,125.39,32.86,S1-Recovery [GREEN expected],Scenario_1_Normal_Rain
2024-06-01 06:49:00,43.83,7.35,126.49,33.34,S1-Recovery [GREEN expected],Scenario_1_Normal_Rain
2024-06-01 06:50:00,43.83,6.15,123.45,32.9,S1-Recovery [GREEN expected],Scenario_1_Normal_Rain
2024-06-01 06:51:00,43.78,6.82,121.7,33.27,S1-Recovery [GREEN expected],Scenario_1_Normal_Rain
2024-06-01 06:52:00,43.58,7.54,126.0,33.12,S1-Recovery [GREEN expected],Scenario_1_Normal_Rain
2024-06-01 06:53:00,43.63,7.3,124.27,32.65,S1-Recovery [GREEN expected],Scenario_1_Normal_Rain
2024-06-01 06:54:00,43.52,7.11,122.51,33.18,S1-Recovery [GREEN expected],Scenario_1_Normal_Rain
2024-06-01 06:55:00,43.37,6.31,120.62,32.9,S1-Recovery [GREEN expected],Scenario_1_Normal_Rain
2024-06-01 06:56:00,43.26,6.83,122.35,32.5,S1-Recovery [GREEN expected],Scenario_1_Normal_Rain
2024-06-01 06:57:00,43.31,5.57,120.67,33.01,S1-Recovery [GREEN expected],Scenario_1_Normal_Rain
2024-06-01 06:58:00,43.21,5.99,119.53,32.39,S1-Recovery [GREEN expected],Scenario_1_Normal_Rain
2024-06-01 06:59:00,43.08,5.75,118.83,32.61,S1-Recovery [GREEN expected],Scenario_1_Normal_Rain
2024-06-01 07:00:00,43.04,6.31,119.64,32.53,S1-Recovery [GREEN expected],Scenario_1_Normal_Rain
2024-06-01 07:01:00,42.93,6.01,118.32,32.95,S1-Recovery [GREEN expected],Scenario_1_Normal_Rain
2024-06-01 07:02:00,42.86,5.49,119.16,32.65,S1-Recovery [GREEN expected],Scenario_1_Normal_Rain
2024-06-01 07:03:00,42.74,5.25,121.45,32.41,S1-Recovery [GREEN expected],Scenario_1_Normal_Rain
2024-06-01 07:04:00,42.69,5.21,124.2,33.05,S1-Recovery [GREEN expected],Scenario_1_Normal_Rain
2024-06-01 07:05:00,42.62,6.04,119.38,31.92,S1-Recovery [GREEN expected],Scenario_1_Normal_Rain
2024-06-01 07:06:00,42.5,4.85,114.54,31.54,S1-Recovery [GREEN expected],Scenario_1_Normal_Rain
2024-06-01 07:07:00,42.38,4.7,116.99,31.5,S1-Recovery [GREEN expected],Scenario_1_Normal_Rain
2024-06-01 07:08:00,42.41,6.12,119.32,32.4,S1-Recovery [GREEN expected],Scenario_1_Normal_Rain
2024-06-01 07:09:00,42.32,4.5,116.61,32.5,S1-Recovery [GREEN expected],Scenario_1_Normal_Rain
2024-06-01 07:10:00,42.18,5.62,116.62,32.41,S1-Recovery [GREEN expected],Scenario_1_Normal_Rain
2024-06-01 07:11:00,41.98,5.15,115.22,31.27,S1-Recovery [GREEN expected],Scenario_1_Normal_Rain
2024-06-01 07:12:00,42.1,4.39,119.51,31.84,S1-Recovery [GREEN expected],Scenario_1_Normal_Rain
2024-06-01 07:13:00,42.03,3.86,117.34,32.84,S1-Recovery [GREEN expected],Scenario_1_Normal_Rain
2024-06-01 07:14:00,41.96,4.17,115.7,32.12,S1-Recovery [GREEN expected],Scenario_1_Normal_Rain
2024-06-01 07:15:00,41.91,4.58,118.39,31.9,S1-Recovery [GREEN expected],Scenario_1_Normal_Rain
2024-06-01 07:16:00,41.78,4.99,115.26,31.68,S1-Recovery [GREEN expected],Scenario_1_Normal_Rain
2024-06-01 07:17:00,41.69,4.72,115.88,32.35,S1-Recovery [GREEN expected],Scenario_1_Normal_Rain
2024-06-01 07:18:00,41.65,3.33,114.17,31.98,S1-Recovery [GREEN expected],Scenario_1_Normal_Rain
2024-06-01 07:19:00,41.49,4.83,115.1,31.57,S1-Recovery [GREEN expected],Scenario_1_Normal_Rain
2024-06-01 07:20:00,41.53,4.35,115.33,31.6,S1-Recovery [GREEN expected],Scenario_1_Normal_Rain
2024-06-01 07:21:00,41.39,4.49,115.09,31.63,S1-Recovery [GREEN expected],Scenario_1_Normal_Rain
2024-06-01 07:22:00,41.33,3.86,116.36,32.35,S1-Recovery [GREEN expected],Scenario_1_Normal_Rain
2024-06-01 07:23:00,41.3,4.75,114.92,31.46,S1-Recovery [GREEN expected],Scenario_1_Normal_Rain
2024-06-01 07:24:00,41.22,4.48,111.84,31.43,S1-Recovery [GREEN expected],Scenario_1_Normal_Rain
2024-06-01 07:25:00,41.11,3.19,112.47,31.76,S1-Recovery [GREEN expected],Scenario_1_Normal_Rain
2024-06-01 07:26:00,41.15,3.35,110.91,31.51,S1-Recovery [GREEN expected],Scenario_1_Normal_Rain
2024-06-01 07:27:00,41.04,3.69,111.05,31.43,S1-Recovery [GREEN expected],Scenario_1_Normal_Rain
2024-06-01 07:28:00,41.14,3.94,112.31,31.09,S1-Recovery [GREEN expected],Scenario_1_Normal_Rain
2024-06-01 07:29:00,41.0,3.04,112.98,31.38,S1-Recovery [GREEN expected],Scenario_1_Normal_Rain
2024-06-01 07:30:00,40.92,3.34,111.51,31.61,S1-Recovery [GREEN expected],Scenario_1_Normal_Rain
2024-06-01 07:31:00,40.84,3.22,111.75,31.39,S1-Recovery [GREEN expected],Scenario_1_Normal_Rain
2024-06-01 07:32:00,40.78,2.42,113.32,31.72,S1-Recovery [GREEN expected],Scenario_1_Normal_Rain
2024-06-01 07:33:00,40.72,3.45,111.35,30.92,S1-Recovery [GREEN expected],Scenario_1_Normal_Rain
2024-06-01 07:34:00,40.7,3.24,115.09,31.48,S1-Recovery [GREEN expected],Scenario_1_Normal_Rain
2024-06-01 07:35:00,40.67,3.15,111.92,30.86,S1-Recovery [GREEN expected],Scenario_1_Normal_Rain
2024-06-01 07:36:00,40.64,2.74,108.79,31.53,S1-Recovery [GREEN expected],Scenario_1_Normal_Rain
2024-06-01 07:37:00,40.53,2.35,110.61,30.94,S1-Recovery [GREEN expected],Scenario_1_Normal_Rain
2024-06-01 07:38:00,40.59,2.93,110.54,31.34,S1-Recovery [GREEN expected],Scenario_1_Normal_Rain
2024-06-01 07:39:00,40.43,1.7,109.71,31.23,S1-Recovery [GREEN expected],Scenario_1_Normal_Rain
2024-06-01 07:40:00,40.4,2.87,106.22,31.17,S1-Recovery [GREEN expected],Scenario_1_Normal_Rain
2024-06-01 07:41:00,40.36,2.69,108.77,30.98,S1-Recovery [GREEN expected],Scenario_1_Normal_Rain
2024-06-01 07:42:00,40.35,2.77,108.56,30.65,S1-Recovery [GREEN expected],Scenario_1_Normal_Rain
2024-06-01 07:43:00,40.24,2.36,106.67,30.84,S1-Recovery [GREEN expected],Scenario_1_Normal_Rain
2024-06-01 07:44:00,40.25,1.89,109.35,30.77,S1-Recovery [GREEN expected],Scenario_1_Normal_Rain
2024-06-01 07:45:00,40.28,2.09,108.07,30.6,S1-Recovery [GREEN expected],Scenario_1_Normal_Rain
2024-06-01 07:46:00,40.25,2.31,109.06,31.38,S1-Recovery [GREEN expected],Scenario_1_Normal_Rain
2024-06-01 07:47:00,40.2,2.46,105.0,30.93,S1-Recovery [GREEN expected],Scenario_1_Normal_Rain
2024-06-01 07:48:00,40.18,1.63,109.47,30.69,S1-Recovery [GREEN expected],Scenario_1_Normal_Rain
2024-06-01 07:49:00,40.11,2.3,107.27,31.11,S1-Recovery [GREEN expected],Scenario_1_Normal_Rain
2024-06-01 07:50:00,40.11,2.36,104.66,31.19,S1-Recovery [GREEN expected],Scenario_1_Normal_Rain
2024-06-01 07:51:00,40.11,2.9,109.17,31.0,S1-Recovery [GREEN expected],Scenario_1_Normal_Rain
2024-06-01 07:52:00,40.17,2.41,107.04,31.21,S1-Recovery [GREEN expected],Scenario_1_Normal_Rain
2024-06-01 07:53:00,40.0,2.43,107.93,31.24,S1-Recovery [GREEN expected],Scenario_1_Normal_Rain
2024-06-01 07:54:00,40.02,1.95,105.72,30.5,S1-Recovery [GREEN expected],Scenario_1_Normal_Rain
2024-06-01 07:55:00,40.04,1.14,107.9,31.36,S1-Recovery [GREEN expected],Scenario_1_Normal_Rain
2024-06-01 07:56:00,40.04,2.11,108.12,31.19,S1-Recovery [GREEN expected],Scenario_1_Normal_Rain
2024-06-01 07:57:00,39.98,2.18,108.02,30.94,S1-Recovery [GREEN expected],Scenario_1_Normal_Rain
2024-06-01 07:58:00,39.97,1.37,107.46,31.41,S1-Recovery [GREEN expected],Scenario_1_Normal_Rain
2024-06-01 07:59:00,40.08,2.32,106.35,31.56,S1-Recovery [GREEN expected],Scenario_1_Normal_Rain
2024-06-01 08:00:00,40.01,2.54,105.7,31.24,S1-Full return to normal,Scenario_1_Normal_Rain
2024-06-01 08:01:00,40.0,3.35,109.12,30.66,S1-Full return to normal,Scenario_1_Normal_Rain
2024-06-01 08:02:00,40.02,1.98,106.08,31.18,S1-Full return to normal,Scenario_1_Normal_Rain
2024-06-01 08:03:00,40.05,1.91,111.3,30.84,S1-Full return to normal,Scenario_1_Normal_Rain
2024-06-01 08:04:00,39.87,1.49,111.29,30.94,S1-Full return to normal,Scenario_1_Normal_Rain
2024-06-01 08:05:00,40.02,2.03,108.18,30.79,S1-Full return to normal,Scenario_1_Normal_Rain
2024-06-01 08:06:00,39.97,2.21,105.65,31.04,S1-Full return to normal,Scenario_1_Normal_Rain
2024-06-01 08:07:00,39.99,2.74,106.01,30.74,S1-Full return to normal,Scenario_1_Normal_Rain
2024-06-01 08:08:00,39.96,1.62,109.07,31.08,S1-Full return to normal,Scenario_1_Normal_Rain
2024-06-01 08:09:00,39.98,1.58,108.87,31.19,S1-Full return to normal,Scenario_1_Normal_Rain
2024-06-01 08:10:00,39.94,2.3,111.04,30.96,S1-Full return to normal,Scenario_1_Normal_Rain
2024-06-01 08:11:00,39.99,1.39,106.16,31.44,S1-Full return to normal,Scenario_1_Normal_Rain
2024-06-01 08:12:00,39.9,2.55,108.06,31.29,S1-Full return to normal,Scenario_1_Normal_Rain
2024-06-01 08:13:00,39.83,1.84,109.9,30.97,S1-Full return to normal,Scenario_1_Normal_Rain
2024-06-01 08:14:00,39.99,1.85,109.27,30.99,S1-Full return to normal,Scenario_1_Normal_Rain
2024-06-01 08:15:00,39.96,1.71,109.09,31.1,S1-Full return to normal,Scenario_1_Normal_Rain
2024-06-01 08:16:00,39.98,1.64,106.06,31.37,S1-Full return to normal,Scenario_1_Normal_Rain
2024-06-01 08:17:00,39.89,2.01,110.34,30.98,S1-Full return to normal,Scenario_1_Normal_Rain
2024-06-01 08:18:00,39.88,1.9,107.32,31.05,S1-Full return to normal,Scenario_1_Normal_Rain
2024-06-01 08:19:00,39.93,1.2,101.22,31.01,S1-Full return to normal,Scenario_1_Normal_Rain
2024-06-01 08:20:00,39.89,2.86,104.98,30.85,S1-Full return to normal,Scenario_1_Normal_Rain
2024-06-01 08:21:00,39.8,1.93,108.69,31.06,S1-Full return to normal,Scenario_1_Normal_Rain
2024-06-01 08:22:00,39.84,2.79,106.14,30.96,S1-Full return to normal,Scenario_1_Normal_Rain
2024-06-01 08:23:00,39.78,1.93,105.56,30.61,S1-Full return to normal,Scenario_1_Normal_Rain
2024-06-01 08:24:00,39.82,2.27,104.2,30.34,S1-Full return to normal,Scenario_1_Normal_Rain
2024-06-01 08:25:00,39.79,2.22,107.29,30.52,S1-Full return to normal,Scenario_1_Normal_Rain
2024-06-01 08:26:00,39.74,1.5,103.52,30.9,S1-Full return to normal,Scenario_1_Normal_Rain
2024-06-01 08:27:00,39.78,1.44,110.35,30.99,S1-Full return to normal,Scenario_1_Normal_Rain
2024-06-01 08:28:00,39.69,1.24,105.9,30.55,S1-Full return to normal,Scenario_1_Normal_Rain
2024-06-01 08:29:00,39.72,1.29,107.23,30.88,S1-Full return to normal,Scenario_1_Normal_Rain
2024-06-01 08:30:00,39.72,2.42,106.89,30.38,S1-Full return to normal,Scenario_1_Normal_Rain
2024-06-01 08:31:00,39.68,1.45,108.85,30.97,S1-Full return to normal,Scenario_1_Normal_Rain
2024-06-01 08:32:00,39.65,1.8,107.92,30.67,S1-Full return to normal,Scenario_1_Normal_Rain
2024-06-01 08:33:00,39.58,2.0,104.77,30.83,S1-Full return to normal,Scenario_1_Normal_Rain
2024-06-01 08:34:00,39.57,3.03,105.25,31.55,S1-Full return to normal,Scenario_1_Normal_Rain
2024-06-01 08:35:00,39.6,1.55,106.2,30.81,S1-Full return to normal,Scenario_1_Normal_Rain
2024-06-01 08:36:00,39.58,1.69,106.57,30.12,S1-Full return to normal,Scenario_1_Normal_Rain
2024-06-01 08:37:00,39.61,2.05,106.11,30.84,S1-Full return to normal,Scenario_1_Normal_Rain
2024-06-01 08:38:00,39.53,1.81,106.41,30.56,S1-Full return to normal,Scenario_1_Normal_Rain
2024-06-01 08:39:00,39.51,1.66,107.07,31.03,S1-Full return to normal,Scenario_1_Normal_Rain
2024-06-01 08:40:00,39.45,1.79,105.81,30.68,S1-Full return to normal,Scenario_1_Normal_Rain
2024-06-01 08:41:00,39.39,2.1,104.52,30.53,S1-Full return to normal,Scenario_1_Normal_Rain
2024-06-01 08:42:00,39.46,2.39,104.37,30.86,S1-Full return to normal,Scenario_1_Normal_Rain
2024-06-01 08:43:00,39.47,1.73,107.2,30.03,S1-Full return to normal,Scenario_1_Normal_Rain
2024-06-01 08:44:00,39.49,1.9,106.16,30.62,S1-Full return to normal,Scenario_1_Normal_Rain
2024-06-01 08:45:00,39.33,2.12,107.93,30.24,S1-Full return to normal,Scenario_1_Normal_Rain
2024-06-01 08:46:00,39.33,1.73,104.33,30.57,S1-Full return to normal,Scenario_1_Normal_Rain
2024-06-01 08:47:00,39.36,1.25,104.54,31.01,S1-Full return to normal,Scenario_1_Normal_Rain
2024-06-01 08:48:00,39.37,1.28,106.08,30.26,S1-Full return to normal,Scenario_1_Normal_Rain
2024-06-01 08:49:00,39.26,1.35,106.33,30.61,S1-Full return to normal,Scenario_1_Normal_Rain
2024-06-01 08:50:00,39.28,2.17,103.18,30.66,S1-Full return to normal,Scenario_1_Normal_Rain
2024-06-01 08:51:00,39.2,1.76,104.2,30.62,S1-Full return to normal,Scenario_1_Normal_Rain
2024-06-01 08:52:00,39.23,1.35,105.79,30.75,S1-Full return to normal,Scenario_1_Normal_Rain
2024-06-01 08:53:00,39.16,1.38,109.55,29.96,S1-Full return to normal,Scenario_1_Normal_Rain
2024-06-01 08:54:00,39.18,1.1,106.1,30.46,S1-Full return to normal,Scenario_1_Normal_Rain
2024-06-01 08:55:00,39.16,2.02,107.36,30.19,S1-Full return to normal,Scenario_1_Normal_Rain
2024-06-01 08:56:00,39.07,1.96,106.06,30.54,S1-Full return to normal,Scenario_1_Normal_Rain
2024-06-01 08:57:00,39.09,1.25,101.43,30.94,S1-Full return to normal,Scenario_1_Normal_Rain
2024-06-01 08:58:00,39.05,0.95,106.27,30.81,S1-Full return to normal,Scenario_1_Normal_Rain
2024-06-01 08:59:00,39.04,1.51,103.32,30.84,S1-Full return to normal,Scenario_1_Normal_Rain
2024-06-01 09:00:00,39.0,1.47,108.62,31.1,S1-Full return to normal,Scenario_1_Normal_Rain
2024-06-01 09:01:00,38.96,1.47,102.71,30.34,S1-Full return to normal,Scenario_1_Normal_Rain
2024-06-01 09:02:00,38.9,0.39,104.56,30.41,S1-Full return to normal,Scenario_1_Normal_Rain
2024-06-01 09:03:00,38.83,1.57,105.54,30.07,S1-Full return to normal,Scenario_1_Normal_Rain
2024-06-01 09:04:00,38.95,2.17,102.81,30.77,S1-Full return to normal,Scenario_1_Normal_Rain
2024-06-01 09:05:00,38.9,0.39,106.17,29.99,S1-Full return to normal,Scenario_1_Normal_Rain
2024-06-01 09:06:00,38.87,1.47,104.12,30.74,S1-Full return to normal,Scenario_1_Normal_Rain
2024-06-01 09:07:00,38.85,1.94,107.14,30.37,S1-Full return to normal,Scenario_1_Normal_Rain
2024-06-01 09:08:00,38.73,1.69,108.33,30.52,S1-Full return to normal,Scenario_1_Normal_Rain
2024-06-01 09:09:00,38.74,1.15,101.76,29.69,S1-Full return to normal,Scenario_1_Normal_Rain
2024-06-01 09:10:00,38.83,0.71,103.96,30.6,S1-Full return to normal,Scenario_1_Normal_Rain
2024-06-01 09:11:00,38.65,1.18,103.36,30.88,S1-Full return to normal,Scenario_1_Normal_Rain
2024-06-01 09:12:00,38.67,1.06,99.85,30.5,S1-Full return to normal,Scenario_1_Normal_Rain
2024-06-01 09:13:00,38.68,0.7,103.63,30.72,S1-Full return to normal,Scenario_1_Normal_Rain
2024-06-01 09:14:00,38.68,0.42,100.24,30.18,S1-Full return to normal,Scenario_1_Normal_Rain
2024-06-01 09:15:00,38.65,1.81,103.74,30.34,S1-Full return to normal,Scenario_1_Normal_Rain
2024-06-01 09:16:00,38.71,1.29,103.18,30.41,S1-Full return to normal,Scenario_1_Normal_Rain
2024-06-01 09:17:00,38.62,1.71,103.28,30.16,S1-Full return to normal,Scenario_1_Normal_Rain
2024-06-01 09:18:00,38.5,1.9,100.68,30.17,S1-Full return to normal,Scenario_1_Normal_Rain
2024-06-01 09:19:00,38.49,1.9,105.01,30.22,S1-Full return to normal,Scenario_1_Normal_Rain
2024-06-01 09:20:00,38.45,0.46,102.75,30.53,S1-Full return to normal,Scenario_1_Normal_Rain
2024-06-01 09:21:00,38.55,1.54,104.49,30.5,S1-Full return to normal,Scenario_1_Normal_Rain
2024-06-01 09:22:00,38.6,0.73,104.6,29.82,S1-Full return to normal,Scenario_1_Normal_Rain
2024-06-01 09:23:00,38.36,1.81,106.46,30.06,S1-Full return to normal,Scenario_1_Normal_Rain
2024-06-01 09:24:00,38.32,1.61,101.31,30.37,S1-Full return to normal,Scenario_1_Normal_Rain
2024-06-01 09:25:00,38.33,0.85,99.86,30.09,S1-Full return to normal,Scenario_1_Normal_Rain
2024-06-01 09:26:00,38.39,1.4,103.12,30.85,S1-Full return to normal,Scenario_1_Normal_Rain
2024-06-01 09:27:00,38.35,2.07,105.14,29.3,S1-Full return to normal,Scenario_1_Normal_Rain
2024-06-01 09:28:00,38.34,0.86,104.39,30.68,S1-Full return to normal,Scenario_1_Normal_Rain
2024-06-01 09:29:00,38.25,0.66,100.98,30.13,S1-Full return to normal,Scenario_1_Normal_Rain
2024-06-01 09:30:00,38.27,1.15,101.93,29.61,S1-Full return to normal,Scenario_1_Normal_Rain
2024-06-01 09:31:00,38.33,1.07,100.65,29.87,S1-Full return to normal,Scenario_1_Normal_Rain
2024-06-01 09:32:00,38.25,1.21,102.98,30.39,S1-Full return to normal,Scenario_1_Normal_Rain
2024-06-01 09:33:00,38.19,1.64,98.4,30.25,S1-Full return to normal,Scenario_1_Normal_Rain
2024-06-01 09:34:00,38.25,0.53,105.49,30.06,S1-Full return to normal,Scenario_1_Normal_Rain
2024-06-01 09:35:00,38.16,0.97,101.17,30.35,S1-Full return to normal,Scenario_1_Normal_Rain
2024-06-01 09:36:00,38.2,1.61,104.67,30.08,S1-Full return to normal,Scenario_1_Normal_Rain
2024-06-01 09:37:00,38.27,0.25,106.62,29.73,S1-Full return to normal,Scenario_1_Normal_Rain
2024-06-01 09:38:00,38.2,0.28,104.04,30.07,S1-Full return to normal,Scenario_1_Normal_Rain
2024-06-01 09:39:00,38.13,1.41,104.98,30.12,S1-Full return to normal,Scenario_1_Normal_Rain
2024-06-01 09:40:00,38.16,1.28,104.96,29.78,S1-Full return to normal,Scenario_1_Normal_Rain
2024-06-01 09:41:00,38.01,0.57,100.36,30.19,S1-Full return to normal,Scenario_1_Normal_Rain
2024-06-01 09:42:00,38.1,0.8,101.62,29.84,S1-Full return to normal,Scenario_1_Normal_Rain
2024-06-01 09:43:00,38.13,0.46,102.49,29.82,S1-Full return to normal,Scenario_1_Normal_Rain
2024-06-01 09:44:00,38.07,0.43,100.98,29.89,S1-Full return to normal,Scenario_1_Normal_Rain
2024-06-01 09:45:00,38.14,1.5,102.45,29.76,S1-Full return to normal,Scenario_1_Normal_Rain
2024-06-01 09:46:00,38.13,1.04,97.93,29.78,S1-Full return to normal,Scenario_1_Normal_Rain
2024-06-01 09:47:00,38.01,0.76,100.94,30.25,S1-Full return to normal,Scenario_1_Normal_Rain
2024-06-01 09:48:00,38.05,1.01,102.77,30.13,S1-Full return to normal,Scenario_1_Normal_Rain
2024-06-01 09:49:00,38.1,0.78,102.7,30.15,S1-Full return to normal,Scenario_1_Normal_Rain
2024-06-01 09:50:00,38.01,1.23,99.4,30.17,S1-Full return to normal,Scenario_1_Normal_Rain
2024-06-01 09:51:00,38.12,0.94,96.9,30.36,S1-Full return to normal,Scenario_1_Normal_Rain
2024-06-01 09:52:00,38.0,2.39,100.44,29.97,S1-Full return to normal,Scenario_1_Normal_Rain
2024-06-01 09:53:00,38.08,0.76,101.27,29.68,S1-Full return to normal,Scenario_1_Normal_Rain
2024-06-01 09:54:00,37.99,0.5,101.39,29.8,S1-Full return to normal,Scenario_1_Normal_Rain
2024-06-01 09:55:00,38.14,0.15,100.79,30.03,S1-Full return to normal,Scenario_1_Normal_Rain
2024-06-01 09:56:00,38.03,0.81,101.51,29.83,S1-Full return to normal,Scenario_1_Normal_Rain
2024-06-01 09:57:00,38.05,0.84,102.01,29.68,S1-Full return to normal,Scenario_1_Normal_Rain
2024-06-01 09:58:00,38.0,2.14,103.41,30.11,S1-Full return to normal,Scenario_1_Normal_Rain
2024-06-01 09:59:00,38.0,0.49,103.73,30.22,S1-Full return to normal,Scenario_1_Normal_Rain
